id,firstname,lastname,gender,email,ip_address
1,Alice,Smith,Female,alice.smith@example.com,192.168.1.1
2,Bob,Johnson,Male,bob.johnson@example.com,10.0.0.1
3,Charlie,Brown,Male,charlie.brown@example.com,172.16.0.1
4,Diana,Davis,Female,diana.davis@example.com,192.168.1.2
5,Emma,Miller,Female,emma.miller@example.com,10.0.0.2
6,Frank,Wilson,Male,frank.wilson@example.com,172.16.0.2
7,Grace,Moore,Female,grace.moore@example.com,192.168.1.3
8,Henry,Taylor,Male,henry.taylor@example.com,10.0.0.3
9,Isabella,Anderson,Female,isabella.anderson@example.com,172.16.0.3
10,Jack,Thomas,Male,jack.thomas@example.com,192.168.1.4
11,Katherine,Jackson,Female,katherine.jackson@example.com,10.0.0.4
12,Liam,White,Male,liam.white@example.com,172.16.0.4
13,Mia,Harris,Female,mia.harris@example.com,192.168.1.5
14,Noah,Martin,Male,noah.martin@example.com,10.0.0.5
15,Olivia,Thompson,Female,olivia.thompson@example.com,172.16.0.5
16,Peter,Garcia,Male,peter.garcia@example.com,192.168.1.6
17,Quinn,Martinez,Female,quinn.martinez@example.com,10.0.0.6
18,Ryan,Robinson,Male,ryan.robinson@example.com,172.16.0.6
19,Sophia,Clark,Female,sophia.clark@example.com,192.168.1.7
20,William,Lewis,Male,william.lewis@example.com,10.0.0.7
21,Ava,Lee,Female,ava.lee@example.com,172.16.0.7
22,Benjamin,Walker,Male,benjamin.walker@example.com,192.168.1.8
23,Charlotte,Hall,Female,charlotte.hall@example.com,10.0.0.8
24,Daniel,Allen,Male,daniel.allen@example.com,172.16.0.8
25,Evelyn,Young,Female,evelyn.young@example.com,192.168.1.9
26,Felix,Hernandez,Male,felix.hernandez@example.com,10.0.0.9
27,Gabrielle,King,Female,gabrielle.king@example.com,172.16.0.9
28,Harper,Wright,Female,harper.wright@example.com,192.168.1.10
29,Hunter,Lopez,Male,hunter.lopez@example.com,10.0.0.10
30,Ivy,Hill,Female,ivy.hill@example.com,172.16.0.10
31,James,Scott,Male,james.scott@example.com,192.168.1.11
32,Julia,Green,Female,julia.green@example.com,10.0.0.11
33,Kevin,Adams,Male,kevin.adams@example.com,172.16.0.11
34,Lily,Baker,Female,lily.baker@example.com,192.168.1.12
35,Logan,Gonzalez,Male,logan.gonzalez@example.com,10.0.0.12
36,Madison,Nelson,Female,madison.nelson@example.com,172.16.0.12
37,Matthew,Carter,Male,matthew.carter@example.com,192.168.1.13
38,Natalie,Mitchell,Female,natalie.mitchell@example.com,10.0.0.13
39,Owen,Perez,Male,owen.perez@example.com,172.16.0.13
40,Parker,Roberts,Male,parker.roberts@example.com,192.168.1.14
41,Riley,Turner,Female,riley.turner@example.com,10.0.0.14
42,Samuel,Phillips,Male,samuel.phillips@example.com,172.16.0.14
43,Scarlett,Campbell,Female,scarlett.campbell@example.com,192.168.1.15
44,Sebastian,Parker,Male,sebastian.parker@example.com,10.0.0.15
45,Sofia,Evans,Female,sofia.evans@example.com,172.16.0.15
46,Theodore,Edwards,Male,theodore.edwards@example.com,192.168.1.16
47,Victoria,Collins,Female,victoria.collins@example.com,10.0.0.16
48,Wyatt,Stewart,Male,wyatt.stewart@example.com,172.16.0.16
49,Abigail,Sanchez,Female,abigail.sanchez@example.com,192.168.1.17
50,Blake,Morris,Male,blake.morris@example.com,10.0.0.17
51,Chloe,Rogers,Female,chloe.rogers@example.com,172.16.0.17
52,Ethan,Reed,Male,ethan.reed@example.com,192.168.1.18
53,Ella,Cook,Female,ella.cook@example.com,10.0.0.18
54,Gabriel,Morgan,Male,gabriel.morgan@example.com,172.16.0.18
55,Harper,Bell,Female,harper.bell@example.com,192.168.1.19
56,Jackson,Murphy,Male,jackson.murphy@example.com,10.0.0.19
57,Jasmine,Bailey,Female,jasmine.bailey@example.com,172.16.0.19
58,Jayden,Rivera,Male,jayden.rivera@example.com,192.168.1.20
59,Katelyn,Cooper,Female,katelyn.cooper@example.com,10.0.0.20
60,Liam,Richardson,Male,liam.richardson@example.com,172.16.0.20
61,Luna,Cox,Female,luna.cox@example.com,192.168.1.21
62,Mason,Howard,Male,mason.howard@example.com,10.0.0.21
63,Mia,Ward,Female,mia.ward@example.com,172.16.0.21
64,Nathan,Torres,Male,nathan.torres@example.com,192.168.1.22
65,Olivia,Peterson,Female,olivia.peterson@example.com,10.0.0.22
66,Owen,Gray,Male,owen.gray@example.com,172.16.0.22
67,Peyton,Ramirez,Female,peyton.ramirez@example.com,192.168.1.23
68,Ryan,James,Male,ryan.james@example.com,10.0.0.23
69,Sadie,Davis,Female,sadie.davis@example.com,172.16.0.23
70,Samuel,Rodriguez,Male,samuel.rodriguez@example.com,192.168.1.24
71,Sophia,Patterson,Female,sophia.patterson@example.com,10.0.0.24
72,Thomas,Jenkins,Male,thomas.jenkins@example.com,172.16.0.24
73,Amelia,Reed,Female,amelia.reed@example.com,192.168.1.25
74,Austin,Kelly,Male,austin.kelly@example.com,10.0.0.25
75,Brooklyn,Hamilton,Female,brooklyn.hamilton@example.com,172.16.0.25
76,Caleb,Butler,Male,caleb.butler@example.com,192.168.1.26
77,Cameron,Wilson,Male,cameron.wilson@example.com,10.0.0.26
78,Chloe,Taylor,Female,chloe.taylor@example.com,172.16.0.26
79,Elijah,Anderson,Male,elijah.anderson@example.com,192.168.1.27
80,Emily,Thomas,Female,emily.thomas@example.com,10.0.0.27
81,Ethan,Jackson,Male,ethan.jackson@example.com,172.16.0.27
82,Evelyn,White,Female,evelyn.white@example.com,192.168.1.28
83,Grayson,Harris,Male,grayson.harris@example.com,10.0.0.28
84,Hailey,Martin,Female,hailey.martin@example.com,172.16.0.28
85,Henry,Thompson,Male,henry.thompson@example.com,192.168.1.29
86,Isabella,Garcia,Female,isabella.garcia@example.com,10.0.0.29
87,Jacob,Martinez,Male,jacob.martinez@example.com,172.16.0.29
88,Jayden,Robinson,Male,jayden.robinson@example.com,192.168.1.30
89,Kaitlyn,Clark,Female,kaitlyn.clark@example.com,10.0.0.30
90,Logan,Lewis,Male,logan.lewis@example.com,172.16.0.30
91,Madison,Lee,Female,madison.lee@example.com,192.168.1.31
92,Matthew,Walker,Male,matthew.walker@example.com,10.0.0.31
93,Mia,Hall,Female,mia.hall@example.com,172.16.0.31
94,Noah,Allen,Male,noah.allen@example.com,192.168.1.32
95,Olivia,Young,Female,olivia.young@example.com,10.0.0.32
96,Owen,Hernandez,Male,owen.hernandez@example.com,172.16.0.32
97,Riley,King,Female,riley.king@example.com,192.168.1.33
98,Ryan,Wright,Male,ryan.wright@example.com,10.0.0.33
99,Sophia,Lopez,Female,sophia.lopez@example.com,172.16.0.33
100,William,Hill,Male,william.hill@example.com,192.168.1.34
101,Aaliyah,Scott,Female,aaliyah.scott@example.com,10.0.0.34
102,Andrew,Green,Male,andrew.green@example.com,172.16.0.34
103,Ashley,Adams,Female,ashley.adams@example.com,192.168.1.35
104,Benjamin,Baker,Male,benjamin.baker@example.com,10.0.0.35
105,Brooklyn,Gonzalez,Female,brooklyn.gonzalez@example.com,172.16.0.35
106,Christopher,Nelson,Male,christopher.nelson@example.com,192.168.1.36
107,Eleanor,Carter,Female,eleanor.carter@example.com,10.0.0.36
108,Ethan,Mitchell,Male,ethan.mitchell@example.com,172.16.0.36
109,Grace,Perez,Female,grace.perez@example.com,192.168.1.37
110,Harper,Roberts,Male,harper.roberts@example.com,10.0.0.37
111,Isabella,Turner,Female,isabella.turner@example.com,172.16.0.37
112,Jackson,Phillips,Male,jackson.phillips@example.com,192.168.1.38
113,Jasmine,Campbell,Female,jasmine.campbell@example.com,10.0.0.38
114,Jayden,Parker,Male,jayden.parker@example.com,172.16.0.38
115,Kylie,Evans,Female,kylie.evans@example.com,192.168.1.39
116,Liam,Edwards,Male,liam.edwards@example.com,10.0.0.39
117,Lily,Collins,Female,lily.collins@example.com,172.16.0.39
118,Lucas,Stewart,Male,lucas.stewart@example.com,192.168.1.40
119,Madison,Sanchez,Female,madison.sanchez@example.com,10.0.0.40
120,Mason,Morris,Male,mason.morris@example.com,172.16.0.40
121,Mia,Rogers,Female,mia.rogers@example.com,192.168.1.41
122,Nathan,Reed,Male,nathan.reed@example.com,10.0.0.41
123,Olivia,Cook,Female,olivia.cook@example.com,172.16.0.41
124,Owen,Morgan,Male,owen.morgan@example.com,192.168.1.42
125,Riley,Bell,Female,riley.bell@example.com,10.0.0.42
126,Ryan,Murphy,Male,ryan.murphy@example.com,172.16.0.42
127,Sophia,Bailey,Female,sophia.bailey@example.com,192.168.1.43
128,William,Rivera,Male,william.rivera@example.com,10.0.0.43
129,Amelia,Cooper,Female,amelia.cooper@example.com,172.16.0.43
130,Austin,Richardson,Male,austin.richardson@example.com,192.168.1.44
131,Brooklyn,Cox,Female,brooklyn.cox@example.com,10.0.0.44
132,Caleb,Howard,Male,caleb.howard@example.com,172.16.0.44
133,Cameron,Ward,Male,cameron.ward@example.com,192.168.1.45
134,Chloe,Torres,Female,chloe.torres@example.com,10.0.0.45
135,Daniel,Peterson,Male,daniel.peterson@example.com,172.16.0.45
136,Eleanor,Gray,Female,eleanor.gray@example.com,192.168.1.46
137,Ethan,Ramirez,Male,ethan.ramirez@example.com,10.0.0.46
138,Evelyn,James,Female,evelyn.james@example.com,172.16.0.46
139,Grayson,Davis,Male,grayson.davis@example.com,192.168.1.47
140,Hailey,Rodriguez,Female,hailey.rodriguez@example.com,10.0.0.47
141,Harper,Patterson,Male,harper.patterson@example.com,172.16.0.47
142,Isabella,Jenkins,Female,isabella.jenkins@example.com,192.168.1.48
143,Jackson,Reed,Male,jackson.reed@example.com,10.0.0.48
144,Jasmine,Kelly,Female,jasmine.kelly@example.com,172.16.0.48
145,Jayden,Hamilton,Male,jayden.hamilton@example.com,192.168.1.49
146,Kaitlyn,Butler,Female,kaitlyn.butler@example.com,10.0.0.49
147,Logan,Wilson,Male,logan.wilson@example.com,172.16.0.49
148,Madison,Taylor,Female,madison.taylor@example.com,192.168.1.50
149,Matthew,Anderson,Male,matthew.anderson@example.com,10.0.0.50
150,Mia,Thomas,Female,mia.thomas@example.com,172.16.0.50
151,Noah,Jackson,Male,noah.jackson@example.com,192.168.1.51
152,Olivia,White,Female,olivia.white@example.com,10.0.0.51
153,Owen,Harris,Male,owen.harris@example.com,172.16.0.51
154,Riley,Martin,Female,riley.martin@example.com,192.168.1.52
155,Ryan,Thompson,Male,ryan.thompson@example.com,10.0.0.52
156,Sophia,Garcia,Female,sophia.garcia@example.com,172.16.0.52
157,William,Martinez,Male,william.martinez@example.com,192.168.1.53
158,Aaliyah,Robinson,Female,aaliyah.robinson@example.com,10.0.0.53
159,Andrew,Clark,Male,andrew.clark@example.com,172.16.0.53
160,Ashley,Lewis,Female,ashley.lewis@example.com,192.168.1.54
161,Benjamin,Lee,Male,benjamin.lee@example.com,10.0.0.54
162,Brooklyn,Walker,Female,brooklyn.walker@example.com,172.16.0.54
163,Christopher,Hall,Male,christopher.hall@example.com,192.168.1.55
164,Eleanor,Allen,Female,eleanor.allen@example.com,10.0.0.55
165,Ethan,Young,Male,ethan.young@example.com,172.16.0.55
166,Grace,Hernandez,Female,grace.hernandez@example.com,192.168.1.56
167,Harper,King,Male,harper.king@example.com,10.0.0.56
168,Isabella,Wright,Female,isabella.wright@example.com,172.16.0.56
169,Jackson,Lopez,Male,jackson.lopez@example.com,192.168.1.57
170,Jasmine,Hill,Female,jasmine.hill@example.com,10.0.0.57
171,Jayden,Scott,Male,jayden.scott@example.com,172.16.0.57
172,Kylie,Green,Female,kylie.green@example.com,192.168.1.58
173,Liam,Adams,Male,liam.adams@example.com,10.0.0.58
174,Lily,Baker,Female,lily.baker@example.com,172.16.0.58
175,Lucas,Gonzalez,Male,lucas.gonzalez@example.com,192.168.1.59
176,Madison,Nelson,Female,madison.nelson@example.com,10.0.0.59
177,Mason,Carter,Male,mason.carter@example.com,172.16.0.59
178,Mia,Mitchell,Female,mia.mitchell@example.com,192.168.1.60
179,Nathan,Perez,Male,nathan.perez@example.com,10.0.0.60
180,Olivia,Roberts,Female,olivia.roberts@example.com,172.16.0.60
181,Owen,Turner,Male,owen.turner@example.com,192.168.1.61
182,Riley,Phillips,Female,riley.phillips@example.com,10.0.0.61
183,Ryan,Campbell,Male,ryan.campbell@example.com,172.16.0.61
184,Sophia,Parker,Female,sophia.parker@example.com,192.168.1.62
185,William,Evans,Male,william.evans@example.com,10.0.0.62
186,Aaliyah,Edwards,Female,aaliyah.edwards@example.com,172.16.0.62
187,Andrew,Collins,Male,andrew.collins@example.com,192.168.1.63
188,Ashley,Stewart,Female,ashley.stewart@example.com,10.0.0.63
189,Benjamin,Sanchez,Male,benjamin.sanchez@example.com,172.16.0.63
190,Brooklyn,Morris,Female,brooklyn.morris@example.com,192.168.1.64
191,Christopher,Rogers,Male,christopher.rogers@example.com,10.0.0.64
192,Eleanor,Reed,Female,eleanor.reed@example.com,172.16.0.64
193,Ethan,Cook,Male,ethan.cook@example.com,192.168.1.65
194,Grace,Morgan,Female,grace.morgan@example.com,10.0.0.65
195,Harper,Bell,Male,harper.bell@example.com,172.16.0.65
196,Isabella,Murphy,Female,isabella.murphy@example.com,192.168.1.66
197,Jackson,Bailey,Male,jackson.bailey@example.com,10.0.0.66
198,Jasmine,Rivera,Female,jasmine.rivera@example.com,172.16.0.66
199,Jayden,Cooper,Male,jayden.cooper@example.com,192.168.1.67
200,Kylie,Richardson,Female,kylie.richardson@example.com,10.0.0.67
201,Liam,Cox,Male,liam.cox@example.com,172.16.0.67
202,Lily,Howard,Female,lily.howard@example.com,192.168.1.68
203,Lucas,Ward,Male,lucas.ward@example.com,10.0.0.68
204,Madison,Torres,Female,madison.torres@example.com,172.16.0.68
205,Mason,Peterson,Male,mason.peterson@example.com,192.168.1.69
206,Mia,Gray,Female,mia.gray@example.com,10.0.0.69
207,Nathan,Ramirez,Male,nathan.ramirez@example.com,172.16.0.69
208,Olivia,James,Female,olivia.james@example.com,192.168.1.70
209,Owen,Davis,Male,owen.davis@example.com,10.0.0.70
210,Riley,Rodriguez,Female,riley.rodriguez@example.com,172.16.0.70
211,Ryan,Patterson,Male,ryan.patterson@example.com,192.168.1.71
212,Sophia,Jenkins,Female,sophia.jenkins@example.com,10.0.0.71
213,William,Reed,Male,william.reed@example.com,172.16.0.71
214,Aaliyah,Kelly,Female,aaliyah.kelly@example.com,192.168.1.72
215,Andrew,Hamilton,Male,andrew.hamilton@example.com,10.0.0.72
216,Ashley,Butler,Female,ashley.butler@example.com,172.16.0.72
217,Benjamin,Wilson,Male,benjamin.wilson@example.com,192.168.1.73
218,Brooklyn,Taylor,Female,brooklyn.taylor@example.com,10.0.0.73
219,Christopher,Anderson,Male,christopher.anderson@example.com,172.16.0.73
220,Eleanor,Thomas,Female,eleanor.thomas@example.com,192.168.1.74
221,Ethan,Jackson,Male,ethan.jackson@example.com,10.0.0.74
222,Grace,White,Female,grace.white@example.com,172.16.0.74
223,Harper,Harris,Male,harper.harris@example.com,192.168.1.75
224,Isabella,Martin,Female,isabella.martin@example.com,10.0.0.75
225,Jackson,Thompson,Male,jackson.thompson@example.com,172.16.0.75
226,Jasmine,Garcia,Female,jasmine.garcia@example.com,192.168.1.76
227,Jayden,Martinez,Male,jayden.martinez@example.com,10.0.0.76
228,Kylie,Robinson,Female,kylie.robinson@example.com,172.16.0.76
229,Liam,Clark,Male,liam.clark@example.com,192.168.1.77
230,Lily,Lewis,Female,lily.lewis@example.com,10.0.0.77
231,Lucas,Lee,Male,lucas.lee@example.com,172.16.0.77
232,Madison,Walker,Female,madison.walker@example.com,192.168.1.78
233,Mason,Hall,Male,mason.hall@example.com,10.0.0.78
234,Mia,Allen,Female,mia.allen@example.com,172.16.0.78
235,Nathan,Young,Male,nathan.young@example.com,192.168.1.79
236,Olivia,Hernandez,Female,olivia.hernandez@example.com,10.0.0.79
237,Owen,King,Male,owen.king@example.com,172.16.0.79
238,Riley,Wright,Female,riley.wright@example.com,192.168.1.80
239,Ryan,Lopez,Male,ryan.lopez@example.com,10.0.0.80
240,Sophia,Hill,Female,sophia.hill@example.com,172.16.0.80
241,William,Scott,Male,william.scott@example.com,192.168.1.81
242,Aaliyah,Green,Female,aaliyah.green@example.com,10.0.0.81
243,Andrew,Adams,Male,andrew.adams@example.com,172.16.0.81
244,Ashley,Baker,Female,ashley.baker@example.com,192.168.1.82
245,Benjamin,Gonzalez,Male,benjamin.gonzalez@example.com,10.0.0.82
246,Brooklyn,Nelson,Female,brooklyn.nelson@example.com,172.16.0.82
247,Christopher,Carter,Male,christopher.carter@example.com,192.168.1.83
248,Eleanor,Mitchell,Female,eleanor.mitchell@example.com,10.0.0.83
249,Ethan,Perez,Male,ethan.perez@example.com,172.16.0.83
250,Grace,Roberts,Female,grace.roberts@example.com,192.168.1.84
251,Harper,Turner,Male,harper.turner@example.com,10.0.0.84
252,Isabella,Phillips,Female,isabella.phillips@example.com,172.16.0.84
253,Jackson,Campbell,Male,jackson.campbell@example.com,192.168.1.85
254,Jasmine,Parker,Female,jasmine.parker@example.com,10.0.0.85
255,Jayden,Evans,Male,jayden.evans@example.com,172.16.0.85
256,Kylie,Edwards,Female,kylie.edwards@example.com,192.168.1.86
257,Liam,Collins,Male,liam.collins@example.com,10.0.0.86
258,Lily,Stewart,Female,lily.stewart@example.com,172.16.0.86
259,Lucas,Sanchez,Male,lucas.sanchez@example.com,192.168.1.87
260,Madison,Morris,Female,madison.morris@example.com,10.0.0.87
261,Mason,Rogers,Male,mason.rogers@example.com,172.16.0.87
262,Mia,Reed,Female,mia.reed@example.com,192.168.1.88
263,Nathan,Cook,Male,nathan.cook@example.com,10.0.0.88
264,Olivia,Morgan,Female,olivia.morgan@example.com,172.16.0.88
265,Owen,Bell,Male,owen.bell@example.com,192.168.1.89
266,Riley,Murphy,Female,riley.murphy@example.com,10.0.0.89
267,Ryan,Bailey,Male,ryan.bailey@example.com,172.16.0.89
268,Sophia,Rivera,Female,sophia.rivera@example.com,192.168.1.90
269,William,Cooper,Male,william.cooper@example.com,10.0.0.90
270,Amelia,Richardson,Female,amelia.richardson@example.com,172.16.0.90
271,Austin,Cox,Male,austin.cox@example.com,192.168.1.91
272,Brooklyn,Howard,Female,brooklyn.howard@example.com,10.0.0.91
273,Caleb,Ward,Male,caleb.ward@example.com,172.16.0.91
274,Cameron,Torres,Female,cameron.torres@example.com,192.168.1.92
275,Chloe,Peterson,Male,chloe.peterson@example.com,10.0.0.92
276,Daniel,Gray,Female,daniel.gray@example.com,172.16.0.92
277,Eleanor,Ramirez,Male,eleanor.ramirez@example.com,192.168.1.93
278,Ethan,James,Female,ethan.james@example.com,10.0.0.93
279,Evelyn,Davis,Male,evelyn.davis@example.com,172.16.0.93
280,Grayson,Rodriguez,Female,grayson.rodriguez@example.com,192.168.1.94
281,Hailey,Patterson,Male,hailey.patterson@example.com,10.0.0.94
282,Harper,Jenkins,Female,harper.jenkins@example.com,172.16.0.94
283,Isabella,Reed,Male,isabella.reed@example.com,192.168.1.95
284,Jackson,Kelly,Female,jackson.kelly@example.com,10.0.0.95
285,Jasmine,Hamilton,Male,jasmine.hamilton@example.com,172.16.0.95
286,Jayden,Butler,Female,jayden.butler@example.com,192.168.1.96
287,Kylie,Wilson,Male,kylie.wilson@example.com,10.0.0.96
288,Liam,Taylor,Female,liam.taylor@example.com,172.16.0.96
289,Lily,Anderson,Male,lily.anderson@example.com,192.168.1.97
290,Lucas,Thomas,Female,lucas.thomas@example.com,10.0.0.97
291,Madison,Jackson,Male,madison.jackson@example.com,172.16.0.97
292,Mason,White,Female,mason.white@example.com,192.168.1.98
293,Mia,Harris,Male,mia.harris@example.com,10.0.0.98
294,Nathan,Martin,Female,nathan.martin@example.com,172.16.0.98
295,Olivia,Thompson,Male,olivia.thompson@example.com,192.168.1.99
296,Owen,Garcia,Female,owen.garcia@example.com,10.0.0.99
297,Riley,Martinez,Male,riley.martinez@example.com,172.16.0.99
298,Ryan,Robinson,Female,ryan.robinson@example.com,192.168.1.100
299,Sophia,Clark,Male,sophia.clark@example.com,10.0.0.100